[
    {
      "id": 1,
      "nome": "Stranger Things",
      "criador": "The Duffer Brothers",
      "ano": 2016,
      "genero": "Ficção Científica",
      "capa": "https://statics.uniradioinforma.com/2025/07/crop/6877db53cd912__450x550.webp",
      "sinopse": "Mistérios sobrenaturais em uma pequena cidade.",
      "temporadas": 5
    },
    {
      "id": 2,
      "nome": "Breaking Bad",
      "criador": "Vince Gilligan",
      "ano": 2008,
      "genero": "Drama",
      "capa": "https://m.media-amazon.com/images/M/MV5BMzU5ZGYzNmQtMTdhYy00OGRiLTg0NmQtYjVjNzliZTg1ZGE4XkEyXkFqcGc@._V1_QL75_UX190_CR0,2,190,281_.jpg",
      "sinopse": "Professor vira fabricante de metanfetamina.",
      "temporadas": 5
    },
    {
      "id": 3,
      "nome": "Game of Thrones",
      "criador": "David Benioff & D. B. Weiss",
      "ano": 2011,
      "genero": "Fantasia",
      "capa": "https://encrypted-tbn0.gstatic.com/images?q=tbn:ANd9GcQi1jGyKS1FLZ7rmyH_AuHcG8iVYoYV93gaNQ&s",
      "sinopse": "Luta pelo trono em Westeros.",
      "temporadas": 8
    },
    {
      "id": 4,
      "nome": "Friends",
      "criador": "David Crane & Marta Kauffman",
      "ano": 1994,
      "genero": "Comédia",
      "capa": "https://m.media-amazon.com/images/S/pv-target-images/7a6a9720ea00e7f6e352b6882b7b8fec9ceb7319c42d39cbd3cd6e4ede514309.jpg",
      "sinopse": "Seis amigos vivendo em Nova York.",
      "temporadas": 10
    },
    {
      "id": 5,
      "nome": "The Office",
      "criador": "Greg Daniels",
      "ano": 2005,
      "genero": "Comédia",
      "capa": "https://upload.wikimedia.org/wikipedia/en/5/58/TheOffice_S7_DVD.jpg",
      "sinopse": "O cotidiano de um escritório.",
      "temporadas": 9
    },
    {
      "id": 6,
      "nome": "Sherlock",
      "criador": "Mark Gatiss & Steven Moffat",
      "ano": 2010,
      "genero": "Mistério",
      "capa": "https://m.media-amazon.com/images/M/MV5BNTQzNGZjNDEtOTMwYi00MzFjLWE2ZTYtYzYxYzMwMjZkZDc5XkEyXkFqcGc@._V1_.jpg",
      "sinopse": "Sherlock Holmes nos dias atuais.",
      "temporadas": 4
    },
    {
      "id": 7,
      "nome": "Dark",
      "criador": "Baran bo Odar & Jantje Friese",
      "ano": 2017,
      "genero": "Suspense",
        "capa": "https://images-na.ssl-images-amazon.com/images/I/A1eq8iTqCAL._AC_UL600_SR600,600_.jpg",
      "sinopse": "Mistérios de viagens no tempo em uma cidade alemã.",
      "temporadas": 3
    },
    {
      "id": 8,
      "nome": "La Casa de Papel",
      "criador": "Álex Pina",
      "ano": 2017,
      "genero": "Ação",
        "capa": "https://media.fstatic.com/SuHRFyJiYtrr5tT_BtA-0vlpAgk=/350x525/smart/filters:format(webp)/media/movies/covers/2021/08/229684536_2834646936659632_4723171262666957925_n.jpg", 
      "sinopse": "Assalto à Casa da Moeda da Espanha.",
      "temporadas": 5
    },
    {
      "id": 9,
      "nome": "The Crown",
      "criador": "Peter Morgan",
      "ano": 2016,
      "genero": "Drama",
        "capa": "https://upload.wikimedia.org/wikipedia/pt/thumb/e/e2/The-Crown-Poster-S2.jpg/250px-The-Crown-Poster-S2.jpg",    
      "sinopse": "A história do reinado da Rainha Elizabeth II.",
      "temporadas": 6
    },
    {
      "id": 10,
      "nome": "How I Met Your Mother",
      "criador": "Carter Bays & Craig Thomas",
      "ano": 2005,
      "genero": "Comédia",
        "capa": "https://resizing.flixster.com/-XZAfHZM39UwaGJIFWKAE8fS0ak=/v3/t/assets/p185124_b_v8_aj.jpg",
      "sinopse": "Ted conta aos filhos como conheceu a mãe deles.",
      "temporadas": 9
    }
  ]